Id,Nombre,Apellido,Precio,CodigoVuelo,TipoPasajero,EstadoVuelo
1,Lou,González,10000.000000,BA249Aterrizado,FirstClass,Aterrizado
2,Ulrike,Muñoz,25000.000000,IB080Aterrizado,FirstClass,Aterrizado
3,Brade,Rojas,20000.000000,MM098EnHorario,FirstClass,EnHorario
4,Kimbell,Díaz,50000.000000,BA249Aterrizado,FirstClass,Aterrizado
5,Sheelagh,Pérez,18000.000000,IB080Aterrizado,FirstClass,Aterrizado
6,Gayle,Soto,30000.000000,MM098EnHorario,FirstClass,EnHorario
7,Kimberlee,Contreras,33000.000000,BA249Aterrizado,FirstClass,Aterrizado
8,Henrieta,Silva,30000.000000,IB080Aterrizado,FirstClass,Aterrizado
9,Jeanine,Martínez,18000.000000,MM098EnHorario,FirstClass,EnHorario
10,Aggie,Sepúlveda,15000.000000,BA249Aterrizado,FirstClass,Aterrizado
11,Brandea,Morales,15000.000000,IB080Aterrizado,FirstClass,Aterrizado
12,Cordelie,Rodríguez,50000.000000,IB080Aterrizado,FirstClass,Aterrizado
13,Shel,López,50000.000000,MM098EnHorario,FirstClass,EnHorario
14,Bronnie,Fuentes,20000.000000,MM098EnHorario,FirstClass,EnHorario
15,Megen,Hernández,10000.000000,BA249Aterrizado,FirstClass,Aterrizado
16,Iver,Torres,12000.000000,BA249Aterrizado,FirstClass,Aterrizado
17,Ernesta,Araya,37000.000000,BA249Aterrizado,FirstClass,Aterrizado
18,Cirillo,Flores,50000.000000,MM098EnHorario,FirstClass,EnHorario
19,Park,Espinoza,30000.000000,MM098EnHorario,FirstClass,EnHorario
20,Bellanca,Valenzuela,15000.000000,BA249Aterrizado,FirstClass,Aterrizado
21,Bobbye,Castillo,15000.000000,BA249Aterrizado,FirstClass,Aterrizado
22,Eugene,Tapia,50000.000000,BA249Aterrizado,FirstClass,Aterrizado
23,Johnny,Reyes,33000.000000,MM098EnHorario,FirstClass,EnHorario
24,Reagen,Gutiérrez,42000.000000,MM098EnHorario,FirstClass,EnHorario
25,Braden,Castro,25000.000000,MM098EnHorario,FirstClass,EnHorario
26,Karim,Pizarro,25000.000000,MM098EnHorario,FirstClass,EnHorario
27,Anthea,Álvarez,42000.000000,MM098EnHorario,FirstClass,EnHorario
28,Doro,Vásquez,33000.000000,IB080Aterrizado,FirstClass,Aterrizado
29,Gaye,Sánchez,37000.000000,IB080Aterrizado,FirstClass,Aterrizado
30,Toby,Fernández,15000.000000,IB080Aterrizado,FirstClass,Aterrizado
31,Franny,Ramírez,15000.000000,IB080Aterrizado,FirstClass,Aterrizado
32,Katey,Carrasco,42000.000000,MM098EnHorario,FirstClass,EnHorario
33,Earle,Gómez,10000.000000,BA249Aterrizado,FirstClass,Aterrizado
34,Redd,Cortés,42000.000000,BA249Aterrizado,FirstClass,Aterrizado
35,Jehanna,Herrera,50000.000000,BA249Aterrizado,FirstClass,Aterrizado
36,Cristie,Núñez,10000.000000,BA249Aterrizado,FirstClass,Aterrizado
37,Stefa,Jara,42000.000000,BA249Aterrizado,FirstClass,Aterrizado
38,Roda,Vergara,25000.000000,MM098EnHorario,FirstClass,EnHorario
39,Alfredo,Rivera,10000.000000,MM098EnHorario,FirstClass,EnHorario
40,Sydney,Figueroa,10000.000000,MM098EnHorario,FirstClass,EnHorario
41,Brnaba,Riquelme,30000.000000,MM098EnHorario,FirstClass,EnHorario
42,Ame,García,50000.000000,BA249Aterrizado,ExecutiveClass,Aterrizado
43,Bradney,Miranda,25000.000000,BA249Aterrizado,ExecutiveClass,Aterrizado
44,Margarete,Bravo,50000.000000,BA249Aterrizado,ExecutiveClass,Aterrizado
45,Nikoletta,Vera,50000.000000,MM098EnHorario,FirstClass,EnHorario
46,Lonnard,Molina,50000.000000,IB080Aterrizado,FirstClass,Aterrizado
47,Raine,Vega,30000.000000,IB080Aterrizado,FirstClass,Aterrizado
48,Noella,Campos,15000.000000,IB080Aterrizado,FirstClass,Aterrizado
49,Dagmar,Sandoval,25000.000000,IB080Aterrizado,FirstClass,Aterrizado
50,Carroll,Orellana,42000.000000,IB080Aterrizado,FirstClass,Aterrizado
51,Marion,Cárdenas,50000.000000,IB080Aterrizado,FirstClass,Aterrizado
52,Carline,Olivares,12000.000000,IB080Aterrizado,FirstClass,Aterrizado
53,Hyacinthie,Alarcón,15000.000000,MM098EnHorario,FirstClass,EnHorario
54,Julina,Gallardo,33000.000000,MM098EnHorario,FirstClass,EnHorario
55,Corina,Ortiz,37000.000000,MM098EnHorario,FirstClass,EnHorario
56,Bernardine,Garrido,33000.000000,MM098EnHorario,FirstClass,EnHorario
57,Homer,Salazar,18000.000000,MM098EnHorario,FirstClass,EnHorario
58,Lianna,Guzmán,12000.000000,MM098EnHorario,FirstClass,EnHorario
59,Celene,Henríquez,50000.000000,MM098EnHorario,FirstClass,EnHorario
60,Kori,Saavedra,50000.000000,MM098EnHorario,FirstClass,EnHorario
61,Deeyn,Navarro,20000.000000,MM098EnHorario,FirstClass,EnHorario
62,Marysa,Aguilera,20000.000000,MM098EnHorario,FirstClass,EnHorario
63,Loy,Parra,15000.000000,MM098EnHorario,FirstClass,EnHorario
64,Gabbey,Romero,37000.000000,MM098EnHorario,FirstClass,EnHorario
65,Star,Aravena,33000.000000,MM098EnHorario,FirstClass,EnHorario
66,Dominica,Vargas,33000.000000,IB080Aterrizado,FirstClass,Aterrizado
67,Blanch,Vázquez,15000.000000,IB080Aterrizado,FirstClass,Aterrizado
68,Cristobal,Cáceres,15000.000000,IB080Aterrizado,FirstClass,Aterrizado
69,Paulita,Yáñez,50000.000000,IB080Aterrizado,FirstClass,Aterrizado
70,Sayre,Leiva,33000.000000,IB080Aterrizado,FirstClass,Aterrizado
71,Shaughn,Escobar,15000.000000,IB080Aterrizado,FirstClass,Aterrizado
72,Katrine,Ruiz,25000.000000,IB080Aterrizado,FirstClass,Aterrizado
73,Cristi,Valdés,42000.000000,IB080Aterrizado,FirstClass,Aterrizado
74,Cristie,Vidal,25000.000000,IB080Aterrizado,ExecutiveClass,Aterrizado
75,Solomon,Salinas,10000.000000,IB080Aterrizado,ExecutiveClass,Aterrizado
76,Nananne,Zúñiga,33000.000000,IB080Aterrizado,ExecutiveClass,Aterrizado
77,Sacha,Peña,25000.000000,IB080Aterrizado,ExecutiveClass,Aterrizado
78,Morse,Godoy,25000.000000,IB080Aterrizado,ExecutiveClass,Aterrizado
79,Roland,Lagos,25000.000000,IB080Aterrizado,ExecutiveClass,Aterrizado
80,Jesselyn,Maldonado,30000.000000,IB080Aterrizado,ExecutiveClass,Aterrizado
81,Kylila,Bustos,12000.000000,IB080Aterrizado,ExecutiveClass,Aterrizado
82,Kendre,Medina,25000.000000,IB080Aterrizado,ExecutiveClass,Aterrizado
83,Lesya,Pino,15000.000000,IB080Aterrizado,ExecutiveClass,Aterrizado
84,Tatiania,Palma,20000.000000,IB080Aterrizado,ExecutiveClass,Aterrizado
85,Trenton,Moreno,12000.000000,IB080Aterrizado,ExecutiveClass,Aterrizado
86,Angie,Sanhueza,20000.000000,MM098EnHorario,FirstClass,EnHorario
87,Joelle,Carvajal,37000.000000,MM098EnHorario,FirstClass,EnHorario
88,George,Navarrete,30000.000000,MM098EnHorario,ExecutiveClass,EnHorario
89,Guenevere,Sáez,30000.000000,MM098EnHorario,ExecutiveClass,EnHorario
90,Margaretha,Alvarado,10000.000000,MM098EnHorario,ExecutiveClass,EnHorario
91,Sully,Donoso,15000.000000,MM098EnHorario,ExecutiveClass,EnHorario
92,Lonni,Poblete,50000.000000,MM098EnHorario,ExecutiveClass,EnHorario
93,Nicky,Bustamante,42000.000000,MM098EnHorario,ExecutiveClass,EnHorario
94,My,Toro,18000.000000,MM098EnHorario,ExecutiveClass,EnHorario
95,Kyrstin,Ortega,37000.000000,IB080Aterrizado,ExecutiveClass,Aterrizado
96,Martino,Venegas,15000.000000,IB080Aterrizado,ExecutiveClass,Aterrizado
97,Marcellus,Guerrero,50000.000000,IB080Aterrizado,ExecutiveClass,Aterrizado
98,Jacquelin,Mendoza,30000.000000,IB080Aterrizado,ExecutiveClass,Aterrizado
99,Aleda,Farías,50000.000000,IB080Aterrizado,ExecutiveClass,Aterrizado
100,Georgeta,SanMartín,10000.000000,IB080Aterrizado,ExecutiveClass,Aterrizado
101,Marcille,González,10000.000000,IB080Aterrizado,ExecutiveClass,Aterrizado
102,Ertha,Fernández,10000.000000,IB080Aterrizado,ExecutiveClass,Aterrizado
103,Desiri,Rodríguez,25000.000000,MM098EnHorario,ExecutiveClass,EnHorario
104,Geneva,López,33000.000000,MM098EnHorario,ExecutiveClass,EnHorario
105,Kilian,Martínez,42000.000000,MM098EnHorario,ExecutiveClass,EnHorario
106,Nance,Sánchez,10000.000000,MM098EnHorario,ExecutiveClass,EnHorario
107,Gaven,Pérez,10000.000000,MM098EnHorario,ExecutiveClass,EnHorario
108,Carlie,Gómez,10000.000000,MM098EnHorario,ExecutiveClass,EnHorario
109,Trixie,Martín,42000.000000,IB080Aterrizado,ExecutiveClass,Aterrizado
110,Dominick,Jiménez,30000.000000,IB080Aterrizado,ExecutiveClass,Aterrizado
111,Petey,Ruiz,15000.000000,IB080Aterrizado,ExecutiveClass,Aterrizado
112,Tersina,Hernández,30000.000000,IB080Aterrizado,ExecutiveClass,Aterrizado
113,Johnathon,Díaz,15000.000000,IB080Aterrizado,ExecutiveClass,Aterrizado
114,Freddie,Moreno,12000.000000,IB080Aterrizado,ExecutiveClass,Aterrizado
115,Harmon,Álvarez,50000.000000,IB080Aterrizado,ExecutiveClass,Aterrizado
116,Tracey,Muñoz,20000.000000,IB080Aterrizado,ExecutiveClass,Aterrizado
117,Cherrita,Romero,33000.000000,MM098EnHorario,ExecutiveClass,EnHorario
118,Stu,Alonso,12000.000000,MM098EnHorario,ExecutiveClass,EnHorario
119,Glenda,Gutiérrez,37000.000000,MM098EnHorario,ExecutiveClass,EnHorario
120,Lorettalorna,Navarro,25000.000000,MM098EnHorario,ExecutiveClass,EnHorario
121,Patrizio,Torres,15000.000000,IB080Aterrizado,ExecutiveClass,Aterrizado
122,Linda,Domínguez,30000.000000,IB080Aterrizado,ExecutiveClass,Aterrizado
123,Pippa,Vázquez,20000.000000,IB080Aterrizado,ExecutiveClass,Aterrizado
124,Pen,Ramos,18000.000000,IB080Aterrizado,EconomyClass,Aterrizado
125,Esteban,González,15000.000000,IB080Aterrizado,EconomyClass,Aterrizado
126,Fonzie,Muñoz,15000.000000,IB080Aterrizado,EconomyClass,Aterrizado
127,Cindelyn,Rojas,12000.000000,IB080Aterrizado,EconomyClass,Aterrizado
128,Zacharie,Díaz,30000.000000,BA249Aterrizado,ExecutiveClass,Aterrizado
129,Vina,Pérez,42000.000000,BA249Aterrizado,ExecutiveClass,Aterrizado
130,Omero,Soto,10000.000000,BA249Aterrizado,ExecutiveClass,Aterrizado
131,Tom,Contreras,33000.000000,BA249Aterrizado,ExecutiveClass,Aterrizado
132,Dante,Silva,30000.000000,BA249Aterrizado,ExecutiveClass,Aterrizado
133,Cordy,Martínez,18000.000000,BA249Aterrizado,ExecutiveClass,Aterrizado
134,Stephenie,Sepúlveda,50000.000000,BA249Aterrizado,ExecutiveClass,Aterrizado
135,Dunstan,Morales,20000.000000,BA249Aterrizado,ExecutiveClass,Aterrizado
136,Gideon,Rodríguez,15000.000000,BA249Aterrizado,ExecutiveClass,Aterrizado
137,Johnette,López,10000.000000,BA249Aterrizado,ExecutiveClass,Aterrizado
138,Brynn,Fuentes,50000.000000,BA249Aterrizado,ExecutiveClass,Aterrizado
139,Yankee,Hernández,42000.000000,BA249Aterrizado,ExecutiveClass,Aterrizado
140,Corbin,Torres,42000.000000,BA249Aterrizado,ExecutiveClass,Aterrizado
141,Coreen,Araya,18000.000000,IB080Aterrizado,EconomyClass,Aterrizado
142,Tanya,Flores,30000.000000,IB080Aterrizado,EconomyClass,Aterrizado
143,Jenna,Espinoza,25000.000000,IB080Aterrizado,EconomyClass,Aterrizado
144,Flora,Valenzuela,33000.000000,IB080Aterrizado,EconomyClass,Aterrizado
145,Dianna,Castillo,20000.000000,IB080Aterrizado,EconomyClass,Aterrizado
146,Armand,Tapia,15000.000000,IB080Aterrizado,EconomyClass,Aterrizado
147,Gustie,Reyes,42000.000000,IB080Aterrizado,EconomyClass,Aterrizado
148,Benton,Gutiérrez,12000.000000,IB080Aterrizado,EconomyClass,Aterrizado
149,Lena,Castro,25000.000000,IB080Aterrizado,EconomyClass,Aterrizado
150,Dot,Pizarro,18000.000000,IB080Aterrizado,EconomyClass,Aterrizado
151,Meryl,Álvarez,12000.000000,IB080Aterrizado,EconomyClass,Aterrizado
152,Babbie,Vásquez,15000.000000,IB080Aterrizado,EconomyClass,Aterrizado
153,Byram,Sánchez,42000.000000,IB080Aterrizado,EconomyClass,Aterrizado
154,Bertine,Fernández,25000.000000,IB080Aterrizado,EconomyClass,Aterrizado
155,Osbert,Ramírez,42000.000000,IB080Aterrizado,EconomyClass,Aterrizado
156,Tanny,Carrasco,42000.000000,IB080Aterrizado,EconomyClass,Aterrizado
157,Maryjo,Gómez,12000.000000,IB080Aterrizado,EconomyClass,Aterrizado
158,Clarie,Cortés,42000.000000,IB080Aterrizado,EconomyClass,Aterrizado
159,Kipp,Herrera,15000.000000,IB080Aterrizado,EconomyClass,Aterrizado
160,Leonie,Núñez,50000.000000,IB080Aterrizado,EconomyClass,Aterrizado
161,Ferdie,Jara,15000.000000,IB080Aterrizado,EconomyClass,Aterrizado
162,Ofella,Vergara,50000.000000,IB080Aterrizado,EconomyClass,Aterrizado
163,Pascale,Rivera,15000.000000,IB080Aterrizado,EconomyClass,Aterrizado
164,Cathrin,Figueroa,30000.000000,IB080Aterrizado,EconomyClass,Aterrizado
165,Sib,Riquelme,33000.000000,IB080Aterrizado,EconomyClass,Aterrizado
166,Darleen,García,42000.000000,IB080Aterrizado,EconomyClass,Aterrizado
167,Didi,Miranda,15000.000000,IB080Aterrizado,EconomyClass,Aterrizado
168,Lodovico,Bravo,18000.000000,IB080Aterrizado,EconomyClass,Aterrizado
169,Farley,Vera,12000.000000,IB080Aterrizado,EconomyClass,Aterrizado
170,Devi,Molina,25000.000000,IB080Aterrizado,EconomyClass,Aterrizado
171,Clair,Vega,37000.000000,IB080Aterrizado,EconomyClass,Aterrizado
172,Addy,Campos,33000.000000,IB080Aterrizado,EconomyClass,Aterrizado
173,Brandon,Sandoval,18000.000000,IB080Aterrizado,EconomyClass,Aterrizado
174,Prentiss,Orellana,30000.000000,IB080Aterrizado,EconomyClass,Aterrizado
175,Lorant,Cárdenas,50000.000000,MM098EnHorario,ExecutiveClass,EnHorario
176,Wanids,Olivares,30000.000000,MM098EnHorario,ExecutiveClass,EnHorario
177,Robbi,Alarcón,10000.000000,MM098EnHorario,ExecutiveClass,EnHorario
178,Mellicent,Gallardo,50000.000000,MM098EnHorario,ExecutiveClass,EnHorario
179,Lynea,Ortiz,20000.000000,MM098EnHorario,ExecutiveClass,EnHorario
180,Nial,Garrido,15000.000000,MM098EnHorario,ExecutiveClass,EnHorario
181,Guillaume,Salazar,37000.000000,MM098EnHorario,ExecutiveClass,EnHorario
182,Loutitia,Guzmán,25000.000000,MM098EnHorario,ExecutiveClass,EnHorario
183,Ruthe,Henríquez,30000.000000,MM098EnHorario,ExecutiveClass,EnHorario
184,Eric,Saavedra,50000.000000,MM098EnHorario,ExecutiveClass,EnHorario
185,Marcellus,Navarro,30000.000000,MM098EnHorario,ExecutiveClass,EnHorario
186,Ian,Aguilera,42000.000000,MM098EnHorario,ExecutiveClass,EnHorario
187,Sebastien,Parra,37000.000000,MM098EnHorario,ExecutiveClass,EnHorario
188,Scarface,Romero,50000.000000,MM098EnHorario,ExecutiveClass,EnHorario
189,Maible,Aravena,18000.000000,MM098EnHorario,ExecutiveClass,EnHorario
190,Waldon,Vargas,30000.000000,MM098EnHorario,ExecutiveClass,EnHorario
191,Bethina,Vázquez,15000.000000,MM098EnHorario,ExecutiveClass,EnHorario
192,Farand,Cáceres,42000.000000,MM098EnHorario,ExecutiveClass,EnHorario
193,Zolly,Yáñez,25000.000000,MM098EnHorario,ExecutiveClass,EnHorario
194,Philipa,Leiva,42000.000000,TU678Aterrizado,FirstClass,Aterrizado
195,Roderigo,Escobar,20000.000000,BA249Aterrizado,ExecutiveClass,Aterrizado
196,Otho,Ruiz,20000.000000,BA249Aterrizado,ExecutiveClass,Aterrizado
197,Alasteir,Valdés,20000.000000,BA249Aterrizado,ExecutiveClass,Aterrizado
198,Eleonora,Vidal,42000.000000,BA249Aterrizado,EconomyClass,Aterrizado
199,Eliot,Salinas,12000.000000,BA249Aterrizado,EconomyClass,Aterrizado
200,Alana,Zúñiga,30000.000000,BA249Aterrizado,EconomyClass,Aterrizado
201,Odey,Peña,20000.000000,BA249Aterrizado,EconomyClass,Aterrizado
202,Yorke,Godoy,15000.000000,BA249Aterrizado,EconomyClass,Aterrizado
203,Cissiee,Lagos,18000.000000,BA249Aterrizado,EconomyClass,Aterrizado
204,Jillana,Maldonado,18000.000000,BA249Aterrizado,EconomyClass,Aterrizado
205,Mallorie,Bustos,30000.000000,TU678Aterrizado,FirstClass,Aterrizado
206,Borden,Medina,12000.000000,TU678Aterrizado,FirstClass,Aterrizado
207,Maddie,Pino,33000.000000,TU678Aterrizado,FirstClass,Aterrizado
208,Weider,Palma,50000.000000,TU678Aterrizado,FirstClass,Aterrizado
209,Asia,Moreno,37000.000000,TU678Aterrizado,FirstClass,Aterrizado
210,Sayres,Sanhueza,10000.000000,TU678Aterrizado,FirstClass,Aterrizado
211,Marcile,Carvajal,30000.000000,TU678Aterrizado,FirstClass,Aterrizado
212,Thomasina,Navarrete,42000.000000,TU678Aterrizado,FirstClass,Aterrizado
213,Darwin,Sáez,18000.000000,TU678Aterrizado,FirstClass,Aterrizado
214,Nicolina,Alvarado,30000.000000,TU678Aterrizado,FirstClass,Aterrizado
215,Nita,Donoso,12000.000000,TU678Aterrizado,FirstClass,Aterrizado
216,Nikoletta,Poblete,12000.000000,TU678Aterrizado,FirstClass,Aterrizado
217,Dwight,Bustamante,42000.000000,TU678Aterrizado,FirstClass,Aterrizado
218,Romola,Toro,50000.000000,TU678Aterrizado,FirstClass,Aterrizado
219,Kaile,Ortega,33000.000000,TU678Aterrizado,FirstClass,Aterrizado
220,Mozes,Venegas,25000.000000,TU678Aterrizado,FirstClass,Aterrizado
221,Aylmer,Guerrero,33000.000000,TU678Aterrizado,FirstClass,Aterrizado
222,Marina,Mendoza,12000.000000,TU678Aterrizado,FirstClass,Aterrizado
223,Enrico,Farías,50000.000000,TU678Aterrizado,FirstClass,Aterrizado
224,Zonda,SanMartín,33000.000000,TU678Aterrizado,FirstClass,Aterrizado
225,Adriano,González,33000.000000,TU678Aterrizado,FirstClass,Aterrizado
226,Trula,Fernández,30000.000000,TU678Aterrizado,FirstClass,Aterrizado
227,Adel,Rodríguez,30000.000000,TU678Aterrizado,FirstClass,Aterrizado
228,Jeniece,López,15000.000000,TU678Aterrizado,FirstClass,Aterrizado
229,Tabina,Martínez,10000.000000,TU678Aterrizado,FirstClass,Aterrizado
230,Liana,Sánchez,33000.000000,TU678Aterrizado,FirstClass,Aterrizado
231,Marmaduke,Pérez,10000.000000,BA249Aterrizado,EconomyClass,Aterrizado
232,Alla,Gómez,30000.000000,BA249Aterrizado,EconomyClass,Aterrizado
233,Peter,Martín,12000.000000,BA249Aterrizado,EconomyClass,Aterrizado
234,Pietro,Jiménez,18000.000000,BA249Aterrizado,EconomyClass,Aterrizado
235,Hiram,Ruiz,20000.000000,BA249Aterrizado,EconomyClass,Aterrizado
236,Anastasia,Hernández,18000.000000,BA249Aterrizado,EconomyClass,Aterrizado
237,Cathleen,Díaz,10000.000000,TU678Aterrizado,FirstClass,Aterrizado
238,Leeanne,Moreno,15000.000000,TU678Aterrizado,FirstClass,Aterrizado
239,Chet,Álvarez,42000.000000,TU678Aterrizado,FirstClass,Aterrizado
240,Billie,Muñoz,37000.000000,TU678Aterrizado,FirstClass,Aterrizado
241,Alexandra,Romero,42000.000000,TU678Aterrizado,FirstClass,Aterrizado
242,Broddie,Alonso,42000.000000,TU678Aterrizado,ExecutiveClass,Aterrizado
243,Brigham,Gutiérrez,25000.000000,TU678Aterrizado,ExecutiveClass,Aterrizado
244,Cal,Navarro,42000.000000,TU678Aterrizado,ExecutiveClass,Aterrizado
245,Donal,Torres,18000.000000,TU678Aterrizado,ExecutiveClass,Aterrizado
246,Adam,Domínguez,20000.000000,TU678Aterrizado,ExecutiveClass,Aterrizado
247,Dotty,Vázquez,42000.000000,TU678Aterrizado,ExecutiveClass,Aterrizado
248,Maynard,Ramos,18000.000000,TU678Aterrizado,ExecutiveClass,Aterrizado
249,Jessee,González,30000.000000,TU678Aterrizado,ExecutiveClass,Aterrizado
250,Tiphani,Muñoz,42000.000000,TU678Aterrizado,ExecutiveClass,Aterrizado
251,Jenna,Rojas,30000.000000,TU678Aterrizado,ExecutiveClass,Aterrizado
252,Karlotte,Díaz,20000.000000,BA249Aterrizado,EconomyClass,Aterrizado
253,Norene,Pérez,25000.000000,BA249Aterrizado,EconomyClass,Aterrizado
254,Morris,Soto,10000.000000,BA249Aterrizado,EconomyClass,Aterrizado
255,Yuri,Contreras,25000.000000,BA249Aterrizado,EconomyClass,Aterrizado
256,Gusty,Silva,10000.000000,BA249Aterrizado,EconomyClass,Aterrizado
257,Jori,Martínez,12000.000000,BA249Aterrizado,EconomyClass,Aterrizado
258,Sydelle,Sepúlveda,30000.000000,BA249Aterrizado,EconomyClass,Aterrizado
259,Merrile,Morales,50000.000000,BA249Aterrizado,EconomyClass,Aterrizado
260,Tadd,Rodríguez,50000.000000,TU678Aterrizado,ExecutiveClass,Aterrizado
261,Josiah,López,10000.000000,TU678Aterrizado,ExecutiveClass,Aterrizado
262,Melisa,Fuentes,12000.000000,TU678Aterrizado,ExecutiveClass,Aterrizado
263,Orelee,Hernández,20000.000000,TU678Aterrizado,ExecutiveClass,Aterrizado
264,Stephen,Torres,37000.000000,TU678Aterrizado,ExecutiveClass,Aterrizado
265,Blair,Araya,50000.000000,TU678Aterrizado,ExecutiveClass,Aterrizado
266,Arel,Flores,30000.000000,TU678Aterrizado,ExecutiveClass,Aterrizado
267,Abbie,Espinoza,25000.000000,TU678Aterrizado,ExecutiveClass,Aterrizado
268,Channa,Valenzuela,50000.000000,TU678Aterrizado,ExecutiveClass,Aterrizado
269,Shirl,Castillo,20000.000000,TU678Aterrizado,ExecutiveClass,Aterrizado
270,Edlin,Tapia,20000.000000,TU678Aterrizado,ExecutiveClass,Aterrizado
271,Larina,Reyes,18000.000000,TU678Aterrizado,ExecutiveClass,Aterrizado
272,Duncan,Gutiérrez,37000.000000,TU678Aterrizado,ExecutiveClass,Aterrizado
273,Bond,Castro,10000.000000,TU678Aterrizado,ExecutiveClass,Aterrizado
274,Dyann,Pizarro,50000.000000,TU678Aterrizado,ExecutiveClass,Aterrizado
275,Charmian,Álvarez,15000.000000,TU678Aterrizado,ExecutiveClass,Aterrizado
276,Dru,Vásquez,50000.000000,TU678Aterrizado,ExecutiveClass,Aterrizado
277,Kiel,Sánchez,50000.000000,TU678Aterrizado,ExecutiveClass,Aterrizado
278,Emory,Fernández,15000.000000,TU678Aterrizado,ExecutiveClass,Aterrizado
279,Alberik,Ramírez,50000.000000,TU678Aterrizado,ExecutiveClass,Aterrizado
280,Koenraad,Carrasco,20000.000000,TU678Aterrizado,ExecutiveClass,Aterrizado
281,Rafaellle,Gómez,50000.000000,TU678Aterrizado,ExecutiveClass,Aterrizado
282,Edie,Cortés,25000.000000,TU678Aterrizado,ExecutiveClass,Aterrizado
283,Osbert,Herrera,15000.000000,TU678Aterrizado,ExecutiveClass,Aterrizado
284,Sidonia,Núñez,10000.000000,TU678Aterrizado,ExecutiveClass,Aterrizado
285,Bartel,Jara,37000.000000,TU678Aterrizado,ExecutiveClass,Aterrizado
286,Jodi,Vergara,30000.000000,BA249Aterrizado,EconomyClass,Aterrizado
287,Ofelia,Rivera,30000.000000,BA249Aterrizado,EconomyClass,Aterrizado
288,Dudley,Figueroa,42000.000000,BA249Aterrizado,EconomyClass,Aterrizado
289,Dulcea,Riquelme,25000.000000,BA249Aterrizado,EconomyClass,Aterrizado
290,Gordon,García,25000.000000,BA249Aterrizado,EconomyClass,Aterrizado
291,Chalmers,Miranda,10000.000000,BA249Aterrizado,EconomyClass,Aterrizado
292,Christiano,Bravo,50000.000000,BA249Aterrizado,EconomyClass,Aterrizado
293,Russell,Vera,50000.000000,BA249Aterrizado,EconomyClass,Aterrizado
294,Cleo,Molina,50000.000000,BA249Aterrizado,EconomyClass,Aterrizado
295,Catriona,Vega,42000.000000,TU678Aterrizado,ExecutiveClass,Aterrizado
296,Leigh,Campos,37000.000000,TU678Aterrizado,ExecutiveClass,Aterrizado
297,Ddene,Sandoval,12000.000000,TU678Aterrizado,ExecutiveClass,Aterrizado
298,Sayre,Orellana,18000.000000,TU678Aterrizado,EconomyClass,Aterrizado
299,Jody,Cárdenas,33000.000000,TU678Aterrizado,EconomyClass,Aterrizado
300,Zabrina,Olivares,12000.000000,TU678Aterrizado,EconomyClass,Aterrizado
301,Cos,Alarcón,30000.000000,TU678Aterrizado,EconomyClass,Aterrizado
302,Ron,Gallardo,20000.000000,TU678Aterrizado,EconomyClass,Aterrizado
303,Charin,Ortiz,12000.000000,TU678Aterrizado,EconomyClass,Aterrizado
304,Coleman,Garrido,33000.000000,TU678Aterrizado,EconomyClass,Aterrizado
305,Jacinda,Salazar,50000.000000,TU678Aterrizado,EconomyClass,Aterrizado
306,Silvan,Guzmán,12000.000000,TU678Aterrizado,EconomyClass,Aterrizado
307,Renie,Henríquez,33000.000000,TU678Aterrizado,EconomyClass,Aterrizado
308,Davide,Saavedra,42000.000000,TU678Aterrizado,EconomyClass,Aterrizado
309,Ernestus,Navarro,12000.000000,TU678Aterrizado,EconomyClass,Aterrizado
310,Brnaba,Aguilera,37000.000000,TU678Aterrizado,EconomyClass,Aterrizado
311,Tabor,Parra,37000.000000,TU678Aterrizado,EconomyClass,Aterrizado
312,Lenci,Romero,42000.000000,TU678Aterrizado,EconomyClass,Aterrizado
313,Franchot,Aravena,12000.000000,TU678Aterrizado,EconomyClass,Aterrizado
314,Charisse,Vargas,50000.000000,TU678Aterrizado,EconomyClass,Aterrizado
315,Timothea,Vázquez,20000.000000,TU678Aterrizado,EconomyClass,Aterrizado
316,Angelika,Cáceres,50000.000000,BA249Aterrizado,EconomyClass,Aterrizado
317,Web,Yáñez,37000.000000,BA249Aterrizado,EconomyClass,Aterrizado
318,Urban,Leiva,10000.000000,BA249Aterrizado,EconomyClass,Aterrizado
319,Fan,Escobar,18000.000000,BA249Aterrizado,EconomyClass,Aterrizado
320,Donaugh,Ruiz,12000.000000,BA249Aterrizado,EconomyClass,Aterrizado
321,Wilona,Valdés,25000.000000,BA249Aterrizado,EconomyClass,Aterrizado
322,Richard,Vidal,42000.000000,BA249Aterrizado,EconomyClass,Aterrizado
323,Hilary,Salinas,37000.000000,BA249Aterrizado,EconomyClass,Aterrizado
324,Ad,Zúñiga,33000.000000,BA249Aterrizado,EconomyClass,Aterrizado
325,Maynord,Peña,42000.000000,BA249Aterrizado,EconomyClass,Aterrizado
326,Lina,Godoy,12000.000000,TU678Aterrizado,EconomyClass,Aterrizado
327,Nerty,Lagos,20000.000000,TU678Aterrizado,EconomyClass,Aterrizado
328,Matias,Maldonado,33000.000000,TU678Aterrizado,EconomyClass,Aterrizado
329,Urbano,Bustos,50000.000000,TU678Aterrizado,EconomyClass,Aterrizado
330,Rosemarie,Medina,33000.000000,TU678Aterrizado,EconomyClass,Aterrizado
331,Booth,Pino,15000.000000,TU678Aterrizado,EconomyClass,Aterrizado
332,Eden,Palma,18000.000000,TU678Aterrizado,EconomyClass,Aterrizado
333,Cornie,Moreno,15000.000000,TU678Aterrizado,EconomyClass,Aterrizado
334,Isak,Sanhueza,20000.000000,TU678Aterrizado,EconomyClass,Aterrizado
335,Rand,Carvajal,20000.000000,TU678Aterrizado,EconomyClass,Aterrizado
336,Dominique,Navarrete,37000.000000,TU678Aterrizado,EconomyClass,Aterrizado
337,Lira,Sáez,30000.000000,TU678Aterrizado,EconomyClass,Aterrizado
338,Filbert,Alvarado,20000.000000,TU678Aterrizado,EconomyClass,Aterrizado
339,Nona,Donoso,30000.000000,TU678Aterrizado,EconomyClass,Aterrizado
340,Melloney,Poblete,33000.000000,TU678Aterrizado,EconomyClass,Aterrizado
341,Rafaello,Bustamante,37000.000000,TU678Aterrizado,EconomyClass,Aterrizado
342,Floria,Toro,12000.000000,TU678Aterrizado,EconomyClass,Aterrizado
343,Johannes,Ortega,18000.000000,TU678Aterrizado,EconomyClass,Aterrizado
344,Genevra,Venegas,10000.000000,TU678Aterrizado,EconomyClass,Aterrizado
345,Aldric,Guerrero,50000.000000,TU678Aterrizado,EconomyClass,Aterrizado
346,Janeta,Mendoza,10000.000000,TU678Aterrizado,EconomyClass,Aterrizado
347,Tarra,Farías,12000.000000,TU678Aterrizado,EconomyClass,Aterrizado
348,Jefferey,SanMartín,33000.000000,TU678Aterrizado,EconomyClass,Aterrizado
349,Cassie,González,50000.000000,TU678Aterrizado,EconomyClass,Aterrizado
350,Maiga,Fernández,20000.000000,TU678Aterrizado,EconomyClass,Aterrizado
351,Heddi,Rodríguez,20000.000000,TU678Aterrizado,EconomyClass,Aterrizado
352,Marieann,López,50000.000000,TU678Aterrizado,EconomyClass,Aterrizado
353,Carita,Martínez,42000.000000,TU678Aterrizado,EconomyClass,Aterrizado
354,Kurtis,Sánchez,50000.000000,TU678Aterrizado,EconomyClass,Aterrizado
355,Wilfred,Pérez,20000.000000,TU678Aterrizado,EconomyClass,Aterrizado
356,Isabelle,Gómez,20000.000000,TU678Aterrizado,EconomyClass,Aterrizado
357,Nisse,Martín,37000.000000,TU678Aterrizado,EconomyClass,Aterrizado
358,Ula,Jiménez,50000.000000,TU678Aterrizado,EconomyClass,Aterrizado
359,Tully,Ruiz,18000.000000,TU678Aterrizado,EconomyClass,Aterrizado
360,Honor,Hernández,30000.000000,TU678Aterrizado,EconomyClass,Aterrizado
361,Sinclair,Díaz,50000.000000,TU678Aterrizado,EconomyClass,Aterrizado
362,Buddy,Moreno,50000.000000,TU678Aterrizado,EconomyClass,Aterrizado
363,Neilla,Álvarez,50000.000000,TU678Aterrizado,EconomyClass,Aterrizado
364,Junie,Muñoz,20000.000000,TU678Aterrizado,EconomyClass,Aterrizado
365,Neely,Romero,20000.000000,TU678Aterrizado,EconomyClass,Aterrizado
366,Klarrisa,Alonso,18000.000000,TU678Aterrizado,EconomyClass,Aterrizado
367,Maryellen,Gutiérrez,37000.000000,TU678Aterrizado,EconomyClass,Aterrizado
368,Clywd,Navarro,33000.000000,TU678Aterrizado,EconomyClass,Aterrizado
369,Deni,Torres,42000.000000,TU678Aterrizado,EconomyClass,Aterrizado
370,Ingrim,Domínguez,30000.000000,TU678Aterrizado,EconomyClass,Aterrizado
371,Franni,Vázquez,42000.000000,TU678Aterrizado,EconomyClass,Aterrizado
372,Andy,Ramos,37000.000000,TU678Aterrizado,EconomyClass,Aterrizado
373,Veronica,González,42000.000000,TU678Aterrizado,EconomyClass,Aterrizado
374,Dalis,Muñoz,42000.000000,TU678Aterrizado,EconomyClass,Aterrizado
375,Nanni,Rojas,25000.000000,BA249Aterrizado,EconomyClass,Aterrizado
376,Vikky,Díaz,15000.000000,BA249Aterrizado,EconomyClass,Aterrizado
377,Hussein,Pérez,25000.000000,BA249Aterrizado,EconomyClass,Aterrizado
378,Brigg,Soto,10000.000000,BA249Aterrizado,EconomyClass,Aterrizado
379,Crawford,Contreras,12000.000000,BA249Aterrizado,EconomyClass,Aterrizado
380,Fran,Silva,30000.000000,BA249Aterrizado,EconomyClass,Aterrizado
381,Silas,Martínez,15000.000000,BA249Aterrizado,EconomyClass,Aterrizado
382,Alister,Sepúlveda,33000.000000,BA249Aterrizado,EconomyClass,Aterrizado
383,George,Morales,15000.000000,TU678Aterrizado,EconomyClass,Aterrizado
384,Nonnah,Rodríguez,25000.000000,TU678Aterrizado,EconomyClass,Aterrizado
385,Gayel,López,20000.000000,TU678Aterrizado,EconomyClass,Aterrizado
386,Demeter,Fuentes,10000.000000,TU678Aterrizado,EconomyClass,Aterrizado
387,Juliann,Hernández,50000.000000,TU678Aterrizado,EconomyClass,Aterrizado
388,Shauna,Torres,25000.000000,TU678Aterrizado,EconomyClass,Aterrizado
389,Anna-maria,Araya,42000.000000,TU678Aterrizado,EconomyClass,Aterrizado
390,Ag,Flores,50000.000000,TU678Aterrizado,EconomyClass,Aterrizado
391,Sherwin,Espinoza,50000.000000,MM098EnHorario,ExecutiveClass,EnHorario
392,Vikki,Valenzuela,33000.000000,MM098EnHorario,ExecutiveClass,EnHorario
393,Barret,Castillo,10000.000000,MM098EnHorario,ExecutiveClass,EnHorario
394,Gaelan,Tapia,25000.000000,MM098EnHorario,ExecutiveClass,EnHorario
395,Livy,Reyes,20000.000000,MM098EnHorario,ExecutiveClass,EnHorario
396,Iorgos,Gutiérrez,18000.000000,MM098EnHorario,ExecutiveClass,EnHorario
397,Charil,Castro,33000.000000,MM098EnHorario,ExecutiveClass,EnHorario
398,Easter,Pizarro,30000.000000,MM098EnHorario,ExecutiveClass,EnHorario
399,Esdras,Álvarez,37000.000000,MM098EnHorario,ExecutiveClass,EnHorario
400,Prince,Vásquez,25000.000000,MM098EnHorario,EconomyClass,EnHorario
401,Vail,Sánchez,33000.000000,MM098EnHorario,EconomyClass,EnHorario
402,Rachel,Fernández,12000.000000,MM098EnHorario,EconomyClass,EnHorario
403,Bar,Ramírez,20000.000000,TU678Aterrizado,EconomyClass,Aterrizado
404,Willa,Carrasco,30000.000000,TU678Aterrizado,EconomyClass,Aterrizado
405,Amerigo,Gómez,33000.000000,TU678Aterrizado,EconomyClass,Aterrizado
406,Fredric,Cortés,50000.000000,TU678Aterrizado,EconomyClass,Aterrizado
407,Mikael,Herrera,50000.000000,TU678Aterrizado,EconomyClass,Aterrizado
408,Benson,Núñez,20000.000000,TU678Aterrizado,EconomyClass,Aterrizado
409,Sileas,Jara,20000.000000,TU678Aterrizado,EconomyClass,Aterrizado
410,Fidelia,Vergara,12000.000000,TU678Aterrizado,EconomyClass,Aterrizado
411,Frayda,Rivera,30000.000000,TU678Aterrizado,EconomyClass,Aterrizado
412,Babita,Figueroa,30000.000000,TU678Aterrizado,EconomyClass,Aterrizado
413,Clair,Riquelme,42000.000000,TU678Aterrizado,EconomyClass,Aterrizado
414,Morie,García,12000.000000,TU678Aterrizado,EconomyClass,Aterrizado
415,Skylar,Miranda,20000.000000,TU678Aterrizado,EconomyClass,Aterrizado
416,Dennie,Bravo,42000.000000,TU678Aterrizado,EconomyClass,Aterrizado
417,Sibley,Vera,20000.000000,TU678Aterrizado,EconomyClass,Aterrizado
418,Addia,Molina,20000.000000,TU678Aterrizado,EconomyClass,Aterrizado
419,Ed,Vega,18000.000000,TU678Aterrizado,EconomyClass,Aterrizado
420,Lothaire,Campos,12000.000000,TU678Aterrizado,EconomyClass,Aterrizado
421,Neila,Sandoval,15000.000000,TU678Aterrizado,EconomyClass,Aterrizado
422,Jennifer,Orellana,15000.000000,GU234EnVuelo,FirstClass,EnVuelo
423,Keelby,Cárdenas,15000.000000,GU234EnVuelo,FirstClass,EnVuelo
424,Chuck,Olivares,33000.000000,GU234EnVuelo,FirstClass,EnVuelo
425,Jordan,Alarcón,33000.000000,GU234EnVuelo,FirstClass,EnVuelo
426,Minnnie,Gallardo,20000.000000,GU234EnVuelo,FirstClass,EnVuelo
427,Carine,Ortiz,33000.000000,GU234EnVuelo,FirstClass,EnVuelo
428,Kelly,Garrido,37000.000000,GU234EnVuelo,FirstClass,EnVuelo
429,Coleman,Salazar,25000.000000,GU234EnVuelo,FirstClass,EnVuelo
430,Pincus,Guzmán,42000.000000,GU234EnVuelo,FirstClass,EnVuelo
431,Smitty,Henríquez,15000.000000,GU234EnVuelo,FirstClass,EnVuelo
432,Wade,Saavedra,12000.000000,GU234EnVuelo,FirstClass,EnVuelo
433,Emmit,Navarro,12000.000000,GU234EnVuelo,FirstClass,EnVuelo
434,Brietta,Aguilera,42000.000000,GU234EnVuelo,FirstClass,EnVuelo
435,Wesley,Parra,10000.000000,GU234EnVuelo,FirstClass,EnVuelo
436,Felicdad,Romero,18000.000000,GU234EnVuelo,FirstClass,EnVuelo
437,Any,Aravena,18000.000000,GU234EnVuelo,FirstClass,EnVuelo
438,Gardie,Vargas,12000.000000,GU234EnVuelo,FirstClass,EnVuelo
439,Leelah,Vázquez,25000.000000,GU234EnVuelo,FirstClass,EnVuelo
440,Garold,Cáceres,20000.000000,GU234EnVuelo,FirstClass,EnVuelo
441,Regine,Yáñez,10000.000000,GU234EnVuelo,FirstClass,EnVuelo
442,Tam,Leiva,20000.000000,GU234EnVuelo,ExecutiveClass,EnVuelo
443,Davon,Escobar,20000.000000,GU234EnVuelo,ExecutiveClass,EnVuelo
444,Chrissy,Ruiz,18000.000000,GU234EnVuelo,ExecutiveClass,EnVuelo
445,Ozzie,Valdés,20000.000000,GU234EnVuelo,ExecutiveClass,EnVuelo
446,Rina,Vidal,20000.000000,GU234EnVuelo,ExecutiveClass,EnVuelo
447,Guy,Salinas,42000.000000,GU234EnVuelo,ExecutiveClass,EnVuelo
448,Lenora,Zúñiga,18000.000000,GU234EnVuelo,ExecutiveClass,EnVuelo
449,Julietta,Peña,42000.000000,GU234EnVuelo,ExecutiveClass,EnVuelo
450,Alexandr,Godoy,18000.000000,GU234EnVuelo,ExecutiveClass,EnVuelo
451,Margalit,Lagos,15000.000000,GU234EnVuelo,ExecutiveClass,EnVuelo
452,Samara,Maldonado,50000.000000,GU234EnVuelo,ExecutiveClass,EnVuelo
453,Portie,Bustos,15000.000000,GU234EnVuelo,ExecutiveClass,EnVuelo
454,Korella,Medina,33000.000000,GU234EnVuelo,ExecutiveClass,EnVuelo
455,Hilly,Pino,30000.000000,GU234EnVuelo,ExecutiveClass,EnVuelo
456,Leeanne,Palma,10000.000000,GU234EnVuelo,ExecutiveClass,EnVuelo
457,Arnaldo,Moreno,10000.000000,GU234EnVuelo,ExecutiveClass,EnVuelo
458,Kassi,Sanhueza,37000.000000,GU234EnVuelo,ExecutiveClass,EnVuelo
459,Karen,Carvajal,20000.000000,GU234EnVuelo,ExecutiveClass,EnVuelo
460,Mac,Navarrete,20000.000000,GU234EnVuelo,ExecutiveClass,EnVuelo
461,Anthia,Sáez,37000.000000,GU234EnVuelo,ExecutiveClass,EnVuelo
462,Marsiella,Alvarado,20000.000000,GU234EnVuelo,ExecutiveClass,EnVuelo
463,Shea,Donoso,12000.000000,GU234EnVuelo,ExecutiveClass,EnVuelo
464,Liana,Poblete,15000.000000,GU234EnVuelo,ExecutiveClass,EnVuelo
465,Carley,Bustamante,12000.000000,GU234EnVuelo,ExecutiveClass,EnVuelo
466,Carlye,Toro,37000.000000,GU234EnVuelo,ExecutiveClass,EnVuelo
467,Svend,Ortega,25000.000000,GU234EnVuelo,ExecutiveClass,EnVuelo
468,Kendell,Venegas,25000.000000,GU234EnVuelo,ExecutiveClass,EnVuelo
469,Chrisy,Guerrero,15000.000000,GU234EnVuelo,ExecutiveClass,EnVuelo
470,Rod,Mendoza,50000.000000,GU234EnVuelo,ExecutiveClass,EnVuelo
471,Ramsay,Farías,20000.000000,GU234EnVuelo,ExecutiveClass,EnVuelo
472,Saidee,SanMartín,50000.000000,GU234EnVuelo,ExecutiveClass,EnVuelo
473,Erek,González,10000.000000,GU234EnVuelo,ExecutiveClass,EnVuelo
474,Salomi,Fernández,10000.000000,GU234EnVuelo,ExecutiveClass,EnVuelo
475,Coletta,Rodríguez,50000.000000,GU234EnVuelo,ExecutiveClass,EnVuelo
476,Abigael,López,12000.000000,GU234EnVuelo,ExecutiveClass,EnVuelo
477,Mariele,Martínez,33000.000000,GU234EnVuelo,EconomyClass,EnVuelo
478,Brooke,Sánchez,20000.000000,GU234EnVuelo,EconomyClass,EnVuelo
479,Benita,Pérez,25000.000000,GU234EnVuelo,EconomyClass,EnVuelo
480,Marissa,Gómez,37000.000000,GU234EnVuelo,EconomyClass,EnVuelo
481,Lionello,Martín,37000.000000,GU234EnVuelo,EconomyClass,EnVuelo
482,Tori,Jiménez,42000.000000,GU234EnVuelo,EconomyClass,EnVuelo
483,Micheil,Ruiz,37000.000000,GU234EnVuelo,EconomyClass,EnVuelo
484,Kym,Hernández,20000.000000,GU234EnVuelo,EconomyClass,EnVuelo
485,Melisse,Díaz,10000.000000,GU234EnVuelo,EconomyClass,EnVuelo
486,Bartholomew,Moreno,33000.000000,GU234EnVuelo,EconomyClass,EnVuelo
487,Rorie,Álvarez,25000.000000,GU234EnVuelo,EconomyClass,EnVuelo
488,Hedvige,Muñoz,37000.000000,GU234EnVuelo,EconomyClass,EnVuelo
489,Dorothea,Romero,15000.000000,GU234EnVuelo,EconomyClass,EnVuelo
490,Tamarah,Alonso,50000.000000,GU234EnVuelo,EconomyClass,EnVuelo
491,Skipton,Gutiérrez,10000.000000,GU234EnVuelo,EconomyClass,EnVuelo
492,Minny,Navarro,33000.000000,GU234EnVuelo,EconomyClass,EnVuelo
493,Joshia,Torres,33000.000000,GU234EnVuelo,EconomyClass,EnVuelo
494,Mirilla,Domínguez,30000.000000,GU234EnVuelo,EconomyClass,EnVuelo
495,Willey,Vázquez,15000.000000,GU234EnVuelo,EconomyClass,EnVuelo
496,Conrado,Ramos,50000.000000,GU234EnVuelo,EconomyClass,EnVuelo
497,Fredia,González,30000.000000,GU234EnVuelo,EconomyClass,EnVuelo
498,Gretchen,Muñoz,12000.000000,GU234EnVuelo,EconomyClass,EnVuelo
499,Bibbie,Rojas,37000.000000,GU234EnVuelo,EconomyClass,EnVuelo
500,Warren,Díaz,25000.000000,GU234EnVuelo,EconomyClass,EnVuelo
501,Gabi,Pérez,30000.000000,GU234EnVuelo,EconomyClass,EnVuelo
502,Callie,Soto,50000.000000,GU234EnVuelo,EconomyClass,EnVuelo
503,Patton,Contreras,15000.000000,GU234EnVuelo,EconomyClass,EnVuelo
504,Karie,Silva,25000.000000,GU234EnVuelo,EconomyClass,EnVuelo
505,Martguerita,Martínez,50000.000000,GU234EnVuelo,EconomyClass,EnVuelo
506,Lothaire,Sepúlveda,20000.000000,GU234EnVuelo,EconomyClass,EnVuelo
507,Patrice,Morales,37000.000000,GU234EnVuelo,EconomyClass,EnVuelo
508,Lin,Rodríguez,12000.000000,MM098EnHorario,EconomyClass,EnHorario
509,Cornie,López,42000.000000,MM098EnHorario,EconomyClass,EnHorario
510,Irena,Fuentes,20000.000000,MM098EnHorario,EconomyClass,EnHorario
511,Markos,Hernández,20000.000000,MM098EnHorario,EconomyClass,EnHorario
512,Bird,Torres,18000.000000,MM098EnHorario,EconomyClass,EnHorario
513,Lorna,Araya,42000.000000,MM098EnHorario,EconomyClass,EnHorario
514,Vincents,Flores,25000.000000,MM098EnHorario,EconomyClass,EnHorario
515,Torrey,Espinoza,42000.000000,GU234EnVuelo,EconomyClass,EnVuelo
516,Pernell,Valenzuela,50000.000000,GU234EnVuelo,EconomyClass,EnVuelo
517,Danya,Castillo,25000.000000,GU234EnVuelo,EconomyClass,EnVuelo
518,Erda,Tapia,37000.000000,GU234EnVuelo,EconomyClass,EnVuelo
519,Ethe,Reyes,20000.000000,GU234EnVuelo,EconomyClass,EnVuelo
520,Coop,Gutiérrez,37000.000000,GU234EnVuelo,EconomyClass,EnVuelo
521,Sheridan,Castro,50000.000000,GU234EnVuelo,EconomyClass,EnVuelo
522,Charles,Pizarro,42000.000000,GU234EnVuelo,EconomyClass,EnVuelo
523,Eddy,Álvarez,12000.000000,GU234EnVuelo,EconomyClass,EnVuelo
524,Janey,Vásquez,42000.000000,GU234EnVuelo,EconomyClass,EnVuelo
525,Edan,Sánchez,20000.000000,GU234EnVuelo,EconomyClass,EnVuelo
526,Homer,Fernández,10000.000000,GU234EnVuelo,EconomyClass,EnVuelo
527,Eveline,Ramírez,37000.000000,GU234EnVuelo,EconomyClass,EnVuelo
528,Helen-elizabeth,Carrasco,20000.000000,GU234EnVuelo,EconomyClass,EnVuelo
529,Daveta,Gómez,20000.000000,GU234EnVuelo,EconomyClass,EnVuelo
530,Mort,Cortés,42000.000000,GU234EnVuelo,EconomyClass,EnVuelo
531,Maxi,Herrera,37000.000000,GU234EnVuelo,EconomyClass,EnVuelo
532,Nathalie,Núñez,37000.000000,GU234EnVuelo,EconomyClass,EnVuelo
533,Dennison,Jara,25000.000000,GU234EnVuelo,EconomyClass,EnVuelo
534,Bunnie,Vergara,33000.000000,GU234EnVuelo,EconomyClass,EnVuelo
535,Frans,Rivera,33000.000000,BA249Aterrizado,EconomyClass,Aterrizado
536,Delmar,Figueroa,42000.000000,BA249Aterrizado,EconomyClass,Aterrizado
537,Ced,Riquelme,20000.000000,BA249Aterrizado,EconomyClass,Aterrizado
538,Caren,García,12000.000000,BA249Aterrizado,EconomyClass,Aterrizado
539,Christie,Miranda,18000.000000,BA249Aterrizado,EconomyClass,Aterrizado
540,Saunders,Bravo,25000.000000,BA249Aterrizado,EconomyClass,Aterrizado
541,Deny,Vera,18000.000000,GU234EnVuelo,EconomyClass,EnVuelo
542,Gene,Molina,15000.000000,GU234EnVuelo,EconomyClass,EnVuelo
543,Margeaux,Vega,18000.000000,GU234EnVuelo,EconomyClass,EnVuelo
544,Prisca,Campos,18000.000000,GU234EnVuelo,EconomyClass,EnVuelo
545,Domini,Sandoval,18000.000000,GU234EnVuelo,EconomyClass,EnVuelo
546,Henrie,Orellana,50000.000000,GU234EnVuelo,EconomyClass,EnVuelo
547,Marj,Cárdenas,18000.000000,GU234EnVuelo,EconomyClass,EnVuelo
548,Mab,Olivares,25000.000000,GU234EnVuelo,EconomyClass,EnVuelo
549,Josiah,Alarcón,12000.000000,GU234EnVuelo,EconomyClass,EnVuelo
550,Mathe,Gallardo,12000.000000,GU234EnVuelo,EconomyClass,EnVuelo
551,Gauthier,Ortiz,12000.000000,GU234EnVuelo,EconomyClass,EnVuelo
552,Delmore,Garrido,33000.000000,GU234EnVuelo,EconomyClass,EnVuelo
553,Lynett,Salazar,37000.000000,GU234EnVuelo,EconomyClass,EnVuelo
554,Lucais,Guzmán,42000.000000,GU234EnVuelo,EconomyClass,EnVuelo
555,Clarice,Henríquez,33000.000000,GU234EnVuelo,EconomyClass,EnVuelo
556,Aeriela,Saavedra,37000.000000,GU234EnVuelo,EconomyClass,EnVuelo
557,Babbie,Navarro,15000.000000,GU234EnVuelo,EconomyClass,EnVuelo
558,Caren,Aguilera,15000.000000,GU234EnVuelo,EconomyClass,EnVuelo
559,Jessamine,Parra,18000.000000,GU234EnVuelo,EconomyClass,EnVuelo
560,Hesther,Romero,15000.000000,GU234EnVuelo,EconomyClass,EnVuelo
561,Sasha,Aravena,15000.000000,GU234EnVuelo,EconomyClass,EnVuelo
562,Erica,Vargas,10000.000000,GU234EnVuelo,EconomyClass,EnVuelo
563,Keith,Vázquez,10000.000000,GU234EnVuelo,EconomyClass,EnVuelo
564,Briney,Cáceres,12000.000000,GU234EnVuelo,EconomyClass,EnVuelo
565,Rutherford,Yáñez,15000.000000,GU234EnVuelo,EconomyClass,EnVuelo
566,Lemmie,Leiva,18000.000000,GU234EnVuelo,EconomyClass,EnVuelo
567,Dur,Escobar,25000.000000,GU234EnVuelo,EconomyClass,EnVuelo
568,Modesta,Ruiz,33000.000000,GU234EnVuelo,EconomyClass,EnVuelo
569,Carter,Valdés,33000.000000,GU234EnVuelo,EconomyClass,EnVuelo
570,Retha,Vidal,15000.000000,GU234EnVuelo,EconomyClass,EnVuelo
571,Carma,Salinas,33000.000000,GU234EnVuelo,EconomyClass,EnVuelo
572,Antonella,Zúñiga,15000.000000,GU234EnVuelo,EconomyClass,EnVuelo
573,Sutherlan,Peña,10000.000000,GU234EnVuelo,EconomyClass,EnVuelo
574,Phillipe,Godoy,37000.000000,GU234EnVuelo,EconomyClass,EnVuelo
575,Florida,Lagos,37000.000000,HY456Demorado,FirstClass,Demorado
576,Corrina,Maldonado,15000.000000,HY456Demorado,FirstClass,Demorado
577,Adrianne,Bustos,10000.000000,HY456Demorado,FirstClass,Demorado
578,Scarlett,Medina,20000.000000,HY456Demorado,FirstClass,Demorado
579,Shel,Pino,25000.000000,HY456Demorado,FirstClass,Demorado
580,Delaney,Palma,50000.000000,HY456Demorado,FirstClass,Demorado
581,Tiphani,Moreno,33000.000000,HY456Demorado,FirstClass,Demorado
582,Grier,Sanhueza,42000.000000,HY456Demorado,FirstClass,Demorado
583,Annabell,Carvajal,15000.000000,HY456Demorado,FirstClass,Demorado
584,Basil,Navarrete,12000.000000,HY456Demorado,FirstClass,Demorado
585,Horatius,Sáez,18000.000000,HY456Demorado,FirstClass,Demorado
586,Umeko,Alvarado,30000.000000,HY456Demorado,FirstClass,Demorado
587,Hayes,Donoso,10000.000000,HY456Demorado,FirstClass,Demorado
588,Lynnette,Poblete,37000.000000,HY456Demorado,FirstClass,Demorado
589,Hesther,Bustamante,33000.000000,HY456Demorado,FirstClass,Demorado
590,Trumaine,Toro,15000.000000,HY456Demorado,FirstClass,Demorado
591,Emlyn,Ortega,50000.000000,HY456Demorado,FirstClass,Demorado
592,Corabelle,Venegas,37000.000000,HY456Demorado,FirstClass,Demorado
593,Vic,Guerrero,25000.000000,HY456Demorado,FirstClass,Demorado
594,Cyndia,Mendoza,33000.000000,HY456Demorado,FirstClass,Demorado
595,Gray,Farías,42000.000000,HY456Demorado,FirstClass,Demorado
596,Dylan,SanMartín,30000.000000,HY456Demorado,FirstClass,Demorado
597,Isabelle,González,20000.000000,HY456Demorado,FirstClass,Demorado
598,Eachelle,Fernández,37000.000000,HY456Demorado,FirstClass,Demorado
599,Howard,Rodríguez,18000.000000,HY456Demorado,FirstClass,Demorado
600,Cornall,López,18000.000000,HY456Demorado,FirstClass,Demorado
601,Emmalee,Martínez,18000.000000,HY456Demorado,FirstClass,Demorado
602,Brian,Sánchez,20000.000000,HY456Demorado,FirstClass,Demorado
603,Cahra,Pérez,50000.000000,HY456Demorado,ExecutiveClass,Demorado
604,Arvin,Gómez,50000.000000,HY456Demorado,ExecutiveClass,Demorado
605,Minda,Martín,15000.000000,HY456Demorado,ExecutiveClass,Demorado
606,Dedie,Jiménez,33000.000000,HY456Demorado,ExecutiveClass,Demorado
607,Lydia,Ruiz,15000.000000,HY456Demorado,ExecutiveClass,Demorado
608,Joshia,Hernández,25000.000000,HY456Demorado,ExecutiveClass,Demorado
609,Bernita,Díaz,15000.000000,HY456Demorado,ExecutiveClass,Demorado
610,Sayre,Moreno,33000.000000,HY456Demorado,ExecutiveClass,Demorado
611,Pearla,Álvarez,20000.000000,HY456Demorado,ExecutiveClass,Demorado
612,Fidole,Muñoz,30000.000000,HY456Demorado,ExecutiveClass,Demorado
613,Evin,Romero,12000.000000,HY456Demorado,ExecutiveClass,Demorado
614,Fredia,Alonso,20000.000000,HY456Demorado,ExecutiveClass,Demorado
615,Idalina,Gutiérrez,50000.000000,HY456Demorado,ExecutiveClass,Demorado
616,Hetti,Navarro,30000.000000,HY456Demorado,ExecutiveClass,Demorado
617,Kirk,Torres,30000.000000,HY456Demorado,ExecutiveClass,Demorado
618,Orson,Domínguez,25000.000000,HY456Demorado,ExecutiveClass,Demorado
619,Lyndsay,Vázquez,42000.000000,HY456Demorado,ExecutiveClass,Demorado
620,Lissy,Ramos,37000.000000,HY456Demorado,ExecutiveClass,Demorado
621,Odessa,González,50000.000000,HY456Demorado,ExecutiveClass,Demorado
622,Hestia,Muñoz,18000.000000,HY456Demorado,ExecutiveClass,Demorado
623,Dorotea,Rojas,10000.000000,HY456Demorado,ExecutiveClass,Demorado
624,Giraud,Díaz,15000.000000,HY456Demorado,ExecutiveClass,Demorado
625,Tonya,Pérez,37000.000000,HY456Demorado,ExecutiveClass,Demorado
626,Menard,Soto,37000.000000,HY456Demorado,ExecutiveClass,Demorado
627,Nicola,Contreras,12000.000000,HY456Demorado,ExecutiveClass,Demorado
628,Maddy,Silva,25000.000000,HY456Demorado,ExecutiveClass,Demorado
629,Mace,Martínez,18000.000000,HY456Demorado,ExecutiveClass,Demorado
630,Lyndy,Sepúlveda,37000.000000,HY456Demorado,ExecutiveClass,Demorado
631,Ivonne,Morales,20000.000000,HY456Demorado,ExecutiveClass,Demorado
632,Josepha,Rodríguez,20000.000000,HY456Demorado,EconomyClass,Demorado
633,Shandra,López,50000.000000,HY456Demorado,EconomyClass,Demorado
634,Viva,Fuentes,25000.000000,HY456Demorado,EconomyClass,Demorado
635,Sherwin,Hernández,10000.000000,HY456Demorado,EconomyClass,Demorado
636,Abigail,Torres,18000.000000,HY456Demorado,EconomyClass,Demorado
637,Rosalia,Araya,18000.000000,HY456Demorado,EconomyClass,Demorado
638,Merissa,Flores,25000.000000,HY456Demorado,EconomyClass,Demorado
639,Marylee,Espinoza,50000.000000,HY456Demorado,EconomyClass,Demorado
640,Wolfy,Valenzuela,33000.000000,HY456Demorado,EconomyClass,Demorado
641,Maia,Castillo,10000.000000,HY456Demorado,EconomyClass,Demorado
642,Elinor,Tapia,33000.000000,HY456Demorado,EconomyClass,Demorado
643,Neron,Reyes,42000.000000,HY456Demorado,EconomyClass,Demorado
644,Malachi,Gutiérrez,25000.000000,HY456Demorado,EconomyClass,Demorado
645,Sarajane,Castro,10000.000000,HY456Demorado,EconomyClass,Demorado
646,Arlie,Pizarro,42000.000000,HY456Demorado,EconomyClass,Demorado
647,Felike,Álvarez,12000.000000,HY456Demorado,EconomyClass,Demorado
648,Ethan,Vásquez,12000.000000,HY456Demorado,EconomyClass,Demorado
649,Ruthy,Sánchez,20000.000000,HY456Demorado,EconomyClass,Demorado
650,Hugo,Fernández,30000.000000,HY456Demorado,EconomyClass,Demorado
651,Thorndike,Ramírez,10000.000000,HY456Demorado,EconomyClass,Demorado
652,Cesaro,Carrasco,30000.000000,HY456Demorado,EconomyClass,Demorado
653,Harmonia,Gómez,12000.000000,HY456Demorado,EconomyClass,Demorado
654,Damara,Cortés,12000.000000,HY456Demorado,EconomyClass,Demorado
655,Maddy,Herrera,25000.000000,HY456Demorado,EconomyClass,Demorado
656,Filmer,Núñez,50000.000000,HY456Demorado,EconomyClass,Demorado
657,Boothe,Jara,12000.000000,HY456Demorado,EconomyClass,Demorado
658,Dorrie,Vergara,42000.000000,HY456Demorado,EconomyClass,Demorado
659,Willdon,Rivera,10000.000000,HY456Demorado,EconomyClass,Demorado
660,Cindi,Figueroa,12000.000000,HY456Demorado,EconomyClass,Demorado
661,Shermie,Riquelme,12000.000000,HY456Demorado,EconomyClass,Demorado
662,Byrom,García,42000.000000,HY456Demorado,EconomyClass,Demorado
663,Millie,Miranda,15000.000000,HY456Demorado,EconomyClass,Demorado
664,Natassia,Bravo,42000.000000,HY456Demorado,EconomyClass,Demorado
665,Wheeler,Vera,25000.000000,HY456Demorado,EconomyClass,Demorado
666,Caritta,Molina,12000.000000,HY456Demorado,EconomyClass,Demorado
667,Kennan,Vega,12000.000000,HY456Demorado,EconomyClass,Demorado
668,Katina,Campos,20000.000000,HY456Demorado,EconomyClass,Demorado
669,Beverlee,Sandoval,25000.000000,HY456Demorado,EconomyClass,Demorado
670,Arlette,Orellana,30000.000000,HY456Demorado,EconomyClass,Demorado
671,Jacqueline,Cárdenas,50000.000000,HY456Demorado,EconomyClass,Demorado
672,Sheila-kathryn,Olivares,10000.000000,HY456Demorado,EconomyClass,Demorado
673,Lambert,Alarcón,42000.000000,HY456Demorado,EconomyClass,Demorado
674,Lamont,Gallardo,33000.000000,HY456Demorado,EconomyClass,Demorado
675,Immanuel,Ortiz,33000.000000,HY456Demorado,EconomyClass,Demorado
676,Nani,Garrido,50000.000000,HY456Demorado,EconomyClass,Demorado
677,Galen,Salazar,50000.000000,HY456Demorado,EconomyClass,Demorado
678,Nilson,Guzmán,10000.000000,HY456Demorado,EconomyClass,Demorado
679,Tomi,Henríquez,50000.000000,HY456Demorado,EconomyClass,Demorado
680,Flore,Saavedra,30000.000000,HY456Demorado,EconomyClass,Demorado
681,Burgess,Navarro,12000.000000,HY456Demorado,EconomyClass,Demorado
682,Tally,Aguilera,42000.000000,HY456Demorado,EconomyClass,Demorado
683,Jaquenette,Parra,25000.000000,HY456Demorado,EconomyClass,Demorado
684,Sly,Romero,42000.000000,HY456Demorado,EconomyClass,Demorado
685,Yul,Aravena,30000.000000,HY456Demorado,EconomyClass,Demorado
686,Rosalyn,Vargas,37000.000000,HY456Demorado,EconomyClass,Demorado
687,Devondra,Vázquez,10000.000000,HY456Demorado,EconomyClass,Demorado
688,Xenos,Cáceres,37000.000000,HY456Demorado,EconomyClass,Demorado
689,Terrence,Yáñez,42000.000000,HY456Demorado,EconomyClass,Demorado
690,Krystyna,Leiva,50000.000000,HY456Demorado,EconomyClass,Demorado
691,Krishna,Escobar,50000.000000,HY456Demorado,EconomyClass,Demorado
692,Zorina,Ruiz,18000.000000,HY456Demorado,EconomyClass,Demorado
693,Baxy,Valdés,20000.000000,HY456Demorado,EconomyClass,Demorado
694,Terrie,Vidal,42000.000000,HY456Demorado,EconomyClass,Demorado
695,Justino,Salinas,18000.000000,HY456Demorado,EconomyClass,Demorado
696,Erhard,Zúñiga,33000.000000,HY456Demorado,EconomyClass,Demorado
697,Robbie,Peña,30000.000000,HY456Demorado,EconomyClass,Demorado
698,Paddie,Godoy,33000.000000,HY456Demorado,EconomyClass,Demorado
699,Evelyn,Lagos,10000.000000,HY456Demorado,EconomyClass,Demorado
700,Abbot,Maldonado,33000.000000,HY456Demorado,EconomyClass,Demorado
701,Tedra,Bustos,33000.000000,HY456Demorado,EconomyClass,Demorado
702,Rikki,Medina,12000.000000,HY456Demorado,EconomyClass,Demorado
703,Alverta,Pino,25000.000000,HY456Demorado,EconomyClass,Demorado
704,Pauly,Palma,30000.000000,HY456Demorado,EconomyClass,Demorado
705,Ariella,Moreno,12000.000000,HY456Demorado,EconomyClass,Demorado
706,Lia,Sanhueza,20000.000000,HY456Demorado,EconomyClass,Demorado
707,Petronille,Carvajal,42000.000000,HY456Demorado,EconomyClass,Demorado
708,Merle,Navarrete,10000.000000,HY456Demorado,EconomyClass,Demorado
709,Hagan,Sáez,50000.000000,HY456Demorado,EconomyClass,Demorado
710,Nikolaus,Alvarado,30000.000000,HY456Demorado,EconomyClass,Demorado
711,Cinda,Donoso,42000.000000,HY456Demorado,EconomyClass,Demorado
712,Matelda,Poblete,18000.000000,HY456Demorado,EconomyClass,Demorado
713,Roslyn,Bustamante,25000.000000,HY456Demorado,EconomyClass,Demorado
714,Jerrylee,Toro,10000.000000,HY456Demorado,EconomyClass,Demorado
715,Lucky,Ortega,42000.000000,IB080Aterrizado,EconomyClass,Aterrizado
716,Elita,Venegas,18000.000000,IB080Aterrizado,EconomyClass,Aterrizado
717,Hyacinthia,Guerrero,25000.000000,IB080Aterrizado,EconomyClass,Aterrizado
718,Fina,Mendoza,42000.000000,IB080Aterrizado,EconomyClass,Aterrizado
719,Kamila,Farías,42000.000000,IB080Aterrizado,EconomyClass,Aterrizado
720,Jennie,SanMartín,42000.000000,IB080Aterrizado,EconomyClass,Aterrizado
721,Riobard,González,42000.000000,IB080Aterrizado,EconomyClass,Aterrizado
722,Joannes,Fernández,10000.000000,IB080Aterrizado,EconomyClass,Aterrizado
723,Darlene,Rodríguez,42000.000000,IB080Aterrizado,EconomyClass,Aterrizado
724,Zia,López,42000.000000,IB080Aterrizado,EconomyClass,Aterrizado
725,Cristina,Martínez,15000.000000,IB080Aterrizado,EconomyClass,Aterrizado
726,Jonathon,Sánchez,50000.000000,IB080Aterrizado,EconomyClass,Aterrizado
727,Rickie,Pérez,42000.000000,IB080Aterrizado,EconomyClass,Aterrizado
728,Klara,Gómez,50000.000000,IB080Aterrizado,EconomyClass,Aterrizado
729,Osbert,Martín,33000.000000,IB080Aterrizado,EconomyClass,Aterrizado
730,Emmet,Jiménez,37000.000000,IB080Aterrizado,EconomyClass,Aterrizado
731,Cassandry,Ruiz,33000.000000,IB080Aterrizado,EconomyClass,Aterrizado
732,Enrica,Hernández,18000.000000,IB080Aterrizado,EconomyClass,Aterrizado
733,Evvy,Díaz,42000.000000,IB080Aterrizado,EconomyClass,Aterrizado
734,Silas,Moreno,20000.000000,IB080Aterrizado,EconomyClass,Aterrizado
735,Kaia,Álvarez,25000.000000,IB080Aterrizado,EconomyClass,Aterrizado
736,Arvie,Muñoz,15000.000000,IB080Aterrizado,EconomyClass,Aterrizado
737,Keith,Romero,20000.000000,FR567EnHorario,FirstClass,EnHorario
738,Silvie,Alonso,12000.000000,FR567EnHorario,FirstClass,EnHorario
739,Winnifred,Gutiérrez,10000.000000,FR567EnHorario,FirstClass,EnHorario
740,Chen,Navarro,37000.000000,FR567EnHorario,FirstClass,EnHorario
741,Carleton,Torres,15000.000000,FR567EnHorario,FirstClass,EnHorario
742,Silvano,Domínguez,12000.000000,FR567EnHorario,FirstClass,EnHorario
743,Pancho,Vázquez,18000.000000,FR567EnHorario,FirstClass,EnHorario
744,Melonie,Ramos,33000.000000,FR567EnHorario,FirstClass,EnHorario
745,Gordon,González,12000.000000,FR567EnHorario,FirstClass,EnHorario
746,Rosemarie,Muñoz,10000.000000,FR567EnHorario,FirstClass,EnHorario
747,Graehme,Rojas,18000.000000,FR567EnHorario,FirstClass,EnHorario
748,Mitchael,Díaz,33000.000000,FR567EnHorario,FirstClass,EnHorario
749,Carola,Pérez,10000.000000,FR567EnHorario,FirstClass,EnHorario
750,Zsazsa,Soto,20000.000000,FR567EnHorario,FirstClass,EnHorario
751,Jude,Contreras,12000.000000,FR567EnHorario,FirstClass,EnHorario
752,Arch,Silva,33000.000000,FR567EnHorario,FirstClass,EnHorario
753,Andrej,Martínez,50000.000000,FR567EnHorario,FirstClass,EnHorario
754,Amber,Sepúlveda,42000.000000,FR567EnHorario,FirstClass,EnHorario
755,Dorian,Morales,15000.000000,FR567EnHorario,FirstClass,EnHorario
756,Kaitlynn,Rodríguez,15000.000000,FR567EnHorario,FirstClass,EnHorario
757,Kerianne,López,37000.000000,FR567EnHorario,FirstClass,EnHorario
758,Boycie,Fuentes,18000.000000,FR567EnHorario,FirstClass,EnHorario
759,Nanete,Hernández,37000.000000,FR567EnHorario,FirstClass,EnHorario
760,Sidonia,Torres,10000.000000,FR567EnHorario,FirstClass,EnHorario
761,Galvan,Araya,33000.000000,FR567EnHorario,FirstClass,EnHorario
762,Lucienne,Flores,25000.000000,FR567EnHorario,FirstClass,EnHorario
763,Davidson,Espinoza,37000.000000,FR567EnHorario,FirstClass,EnHorario
764,Roslyn,Valenzuela,10000.000000,FR567EnHorario,FirstClass,EnHorario
765,Jenny,Castillo,33000.000000,FR567EnHorario,ExecutiveClass,EnHorario
766,Toby,Tapia,20000.000000,FR567EnHorario,ExecutiveClass,EnHorario
767,Brynne,Reyes,18000.000000,FR567EnHorario,ExecutiveClass,EnHorario
768,Blakeley,Gutiérrez,18000.000000,FR567EnHorario,ExecutiveClass,EnHorario
769,Egan,Castro,10000.000000,FR567EnHorario,ExecutiveClass,EnHorario
770,Barbey,Pizarro,20000.000000,FR567EnHorario,ExecutiveClass,EnHorario
771,Portia,Álvarez,33000.000000,FR567EnHorario,ExecutiveClass,EnHorario
772,Alica,Vásquez,37000.000000,FR567EnHorario,ExecutiveClass,EnHorario
773,Juliana,Sánchez,50000.000000,FR567EnHorario,ExecutiveClass,EnHorario
774,Barde,Fernández,18000.000000,FR567EnHorario,ExecutiveClass,EnHorario
775,Wilie,Ramírez,30000.000000,FR567EnHorario,ExecutiveClass,EnHorario
776,Letta,Carrasco,10000.000000,FR567EnHorario,ExecutiveClass,EnHorario
777,Ree,Gómez,42000.000000,FR567EnHorario,ExecutiveClass,EnHorario
778,Ingmar,Cortés,18000.000000,FR567EnHorario,ExecutiveClass,EnHorario
779,Melva,Herrera,42000.000000,FR567EnHorario,ExecutiveClass,EnHorario
780,Tootsie,Núñez,25000.000000,FR567EnHorario,ExecutiveClass,EnHorario
781,Felike,Jara,33000.000000,FR567EnHorario,ExecutiveClass,EnHorario
782,Laughton,Vergara,15000.000000,FR567EnHorario,ExecutiveClass,EnHorario
783,Crosby,Rivera,12000.000000,FR567EnHorario,ExecutiveClass,EnHorario
784,Marianne,Figueroa,33000.000000,FR567EnHorario,ExecutiveClass,EnHorario
785,Francine,Riquelme,42000.000000,FR567EnHorario,ExecutiveClass,EnHorario
786,Edan,García,50000.000000,FR567EnHorario,ExecutiveClass,EnHorario
787,Fayre,Miranda,18000.000000,FR567EnHorario,ExecutiveClass,EnHorario
788,Adelaida,Bravo,37000.000000,FR567EnHorario,ExecutiveClass,EnHorario
789,Florella,Vera,25000.000000,FR567EnHorario,ExecutiveClass,EnHorario
790,Noll,Molina,30000.000000,FR567EnHorario,ExecutiveClass,EnHorario
791,Ki,Vega,42000.000000,FR567EnHorario,ExecutiveClass,EnHorario
792,Jermayne,Campos,33000.000000,FR567EnHorario,ExecutiveClass,EnHorario
793,Grayce,Sandoval,33000.000000,FR567EnHorario,ExecutiveClass,EnHorario
794,Harv,Orellana,42000.000000,FR567EnHorario,ExecutiveClass,EnHorario
795,Lorianna,Cárdenas,15000.000000,FR567EnHorario,ExecutiveClass,EnHorario
796,Hersh,Olivares,33000.000000,FR567EnHorario,ExecutiveClass,EnHorario
797,Diahann,Alarcón,33000.000000,FR567EnHorario,ExecutiveClass,EnHorario
798,Yelena,Gallardo,50000.000000,FR567EnHorario,ExecutiveClass,EnHorario
799,Emmaline,Ortiz,37000.000000,FR567EnHorario,ExecutiveClass,EnHorario
800,Daffi,Garrido,12000.000000,FR567EnHorario,ExecutiveClass,EnHorario
801,Janine,Salazar,50000.000000,FR567EnHorario,ExecutiveClass,EnHorario
802,Sheilah,Guzmán,42000.000000,FR567EnHorario,ExecutiveClass,EnHorario
803,Lazaro,Henríquez,10000.000000,FR567EnHorario,ExecutiveClass,EnHorario
804,Earle,Saavedra,30000.000000,FR567EnHorario,ExecutiveClass,EnHorario
805,Fred,Navarro,25000.000000,FR567EnHorario,EconomyClass,EnHorario
806,Almira,Aguilera,42000.000000,FR567EnHorario,EconomyClass,EnHorario
807,Wini,Parra,37000.000000,FR567EnHorario,EconomyClass,EnHorario
808,Emanuel,Romero,30000.000000,FR567EnHorario,EconomyClass,EnHorario
809,Obadias,Aravena,10000.000000,FR567EnHorario,EconomyClass,EnHorario
810,Efrem,Vargas,20000.000000,FR567EnHorario,EconomyClass,EnHorario
811,Susi,Vázquez,18000.000000,FR567EnHorario,EconomyClass,EnHorario
812,Maxy,Cáceres,15000.000000,FR567EnHorario,EconomyClass,EnHorario
813,Agnes,Yáñez,42000.000000,FR567EnHorario,EconomyClass,EnHorario
814,Obadiah,Leiva,12000.000000,FR567EnHorario,EconomyClass,EnHorario
815,Lefty,Escobar,50000.000000,FR567EnHorario,EconomyClass,EnHorario
816,Michele,Ruiz,42000.000000,FR567EnHorario,EconomyClass,EnHorario
817,Cynthia,Valdés,25000.000000,FR567EnHorario,EconomyClass,EnHorario
818,Hyatt,Vidal,20000.000000,FR567EnHorario,EconomyClass,EnHorario
819,Roch,Salinas,33000.000000,FR567EnHorario,EconomyClass,EnHorario
820,Mag,Zúñiga,12000.000000,FR567EnHorario,EconomyClass,EnHorario
821,Trevor,Peña,10000.000000,FR567EnHorario,EconomyClass,EnHorario
822,Jefferey,Godoy,10000.000000,FR567EnHorario,EconomyClass,EnHorario
823,Tania,Lagos,42000.000000,FR567EnHorario,EconomyClass,EnHorario
824,Mercie,Maldonado,42000.000000,FR567EnHorario,EconomyClass,EnHorario
825,Andrei,Bustos,10000.000000,FR567EnHorario,EconomyClass,EnHorario
826,Yetta,Medina,25000.000000,FR567EnHorario,EconomyClass,EnHorario
827,Angeli,Pino,20000.000000,FR567EnHorario,EconomyClass,EnHorario
828,Norbert,Palma,20000.000000,FR567EnHorario,EconomyClass,EnHorario
829,Conan,Moreno,20000.000000,FR567EnHorario,EconomyClass,EnHorario
830,Cale,Sanhueza,50000.000000,FR567EnHorario,EconomyClass,EnHorario
831,Christina,Carvajal,37000.000000,FR567EnHorario,EconomyClass,EnHorario
832,Olivier,Navarrete,20000.000000,FR567EnHorario,EconomyClass,EnHorario
833,Oby,Sáez,12000.000000,FR567EnHorario,EconomyClass,EnHorario
834,Chad,Alvarado,15000.000000,FR567EnHorario,EconomyClass,EnHorario
835,Adelle,Donoso,10000.000000,FR567EnHorario,EconomyClass,EnHorario
836,Keene,Poblete,25000.000000,FR567EnHorario,EconomyClass,EnHorario
837,Corrina,Bustamante,50000.000000,FR567EnHorario,EconomyClass,EnHorario
838,Hashim,Toro,50000.000000,FR567EnHorario,EconomyClass,EnHorario
839,Oralia,Ortega,10000.000000,FR567EnHorario,EconomyClass,EnHorario
840,Wadsworth,Venegas,30000.000000,FR567EnHorario,EconomyClass,EnHorario
841,Shelley,Guerrero,15000.000000,FR567EnHorario,EconomyClass,EnHorario
842,Irv,Mendoza,15000.000000,FR567EnHorario,EconomyClass,EnHorario
843,Grant,Farías,33000.000000,FR567EnHorario,EconomyClass,EnHorario
844,Bella,SanMartín,18000.000000,FR567EnHorario,EconomyClass,EnHorario
845,Yardley,González,50000.000000,FR567EnHorario,EconomyClass,EnHorario
846,Brendin,Fernández,10000.000000,FR567EnHorario,EconomyClass,EnHorario
847,Estella,Rodríguez,42000.000000,FR567EnHorario,EconomyClass,EnHorario
848,Rasia,López,37000.000000,FR567EnHorario,EconomyClass,EnHorario
849,Gibb,Martínez,20000.000000,FR567EnHorario,EconomyClass,EnHorario
850,Amanda,Sánchez,37000.000000,FR567EnHorario,EconomyClass,EnHorario
851,Sidoney,Pérez,20000.000000,FR567EnHorario,EconomyClass,EnHorario
852,Giacopo,Gómez,18000.000000,FR567EnHorario,EconomyClass,EnHorario
853,Eve,Martín,12000.000000,FR567EnHorario,EconomyClass,EnHorario
854,Levon,Jiménez,25000.000000,FR567EnHorario,EconomyClass,EnHorario
855,Vassili,Ruiz,33000.000000,FR567EnHorario,EconomyClass,EnHorario
856,Henrieta,Hernández,30000.000000,FR567EnHorario,EconomyClass,EnHorario
857,Devlen,Díaz,37000.000000,FR567EnHorario,EconomyClass,EnHorario
858,Ophelie,Moreno,37000.000000,FR567EnHorario,EconomyClass,EnHorario
859,Abramo,Álvarez,37000.000000,FR567EnHorario,EconomyClass,EnHorario
860,Fair,Muñoz,37000.000000,FR567EnHorario,EconomyClass,EnHorario
861,Pietrek,Romero,25000.000000,FR567EnHorario,EconomyClass,EnHorario
862,Holden,Alonso,50000.000000,FR567EnHorario,EconomyClass,EnHorario
863,Cherish,Gutiérrez,42000.000000,FR567EnHorario,EconomyClass,EnHorario
864,Alonzo,Navarro,12000.000000,FR567EnHorario,EconomyClass,EnHorario
865,Devonna,Torres,18000.000000,FR567EnHorario,EconomyClass,EnHorario
866,Rubi,Domínguez,18000.000000,FR567EnHorario,EconomyClass,EnHorario
867,Emmanuel,Vázquez,30000.000000,FR567EnHorario,EconomyClass,EnHorario
868,Trumaine,Ramos,42000.000000,FR567EnHorario,EconomyClass,EnHorario
869,Malory,González,42000.000000,FR567EnHorario,EconomyClass,EnHorario
870,Pearla,Muñoz,33000.000000,FR567EnHorario,EconomyClass,EnHorario
871,Phelia,Rojas,33000.000000,FR567EnHorario,EconomyClass,EnHorario
872,Madonna,Díaz,10000.000000,FR567EnHorario,EconomyClass,EnHorario
873,Thomasa,Pérez,18000.000000,FR567EnHorario,EconomyClass,EnHorario
874,Estella,Soto,20000.000000,FR567EnHorario,EconomyClass,EnHorario
875,Saw,Contreras,15000.000000,FR567EnHorario,EconomyClass,EnHorario
876,Cecil,Silva,37000.000000,FR567EnHorario,EconomyClass,EnHorario
877,Mac,Martínez,25000.000000,FR567EnHorario,EconomyClass,EnHorario
878,Ralf,Sepúlveda,12000.000000,FR567EnHorario,EconomyClass,EnHorario
879,Barbey,Morales,12000.000000,FR567EnHorario,EconomyClass,EnHorario
880,Josi,Rodríguez,18000.000000,FR567EnHorario,EconomyClass,EnHorario
881,Kenna,López,25000.000000,FR567EnHorario,EconomyClass,EnHorario
882,Rina,Fuentes,25000.000000,FR567EnHorario,EconomyClass,EnHorario
883,Callida,Hernández,33000.000000,FR567EnHorario,EconomyClass,EnHorario
884,Lona,Torres,30000.000000,FR567EnHorario,EconomyClass,EnHorario
885,Jan,Araya,18000.000000,FR567EnHorario,EconomyClass,EnHorario
886,Bailey,Flores,30000.000000,FR567EnHorario,EconomyClass,EnHorario
887,Guillermo,Espinoza,42000.000000,FR567EnHorario,EconomyClass,EnHorario
888,Katlin,Valenzuela,25000.000000,FR567EnHorario,EconomyClass,EnHorario
889,Flo,Castillo,42000.000000,FR567EnHorario,EconomyClass,EnHorario
890,Madel,Tapia,12000.000000,FR567EnHorario,EconomyClass,EnHorario
891,Conant,Reyes,37000.000000,FR567EnHorario,EconomyClass,EnHorario
892,Devland,Gutiérrez,10000.000000,FR567EnHorario,EconomyClass,EnHorario
893,Annamarie,Castro,20000.000000,FR567EnHorario,EconomyClass,EnHorario
894,Gabbie,Pizarro,42000.000000,FR567EnHorario,EconomyClass,EnHorario
895,Frasquito,Álvarez,15000.000000,FR567EnHorario,EconomyClass,EnHorario
896,Oberon,Vásquez,15000.000000,FR567EnHorario,EconomyClass,EnHorario
897,Gabriell,Sánchez,10000.000000,FR567EnHorario,EconomyClass,EnHorario
898,Ki,Fernández,30000.000000,BR345Demorado,FirstClass,Demorado
899,Martelle,Ramírez,15000.000000,BR345Demorado,FirstClass,Demorado
900,Riccardo,Carrasco,42000.000000,BR345Demorado,FirstClass,Demorado
901,Shaughn,Gómez,50000.000000,BR345Demorado,FirstClass,Demorado
902,Coral,Cortés,18000.000000,BR345Demorado,FirstClass,Demorado
903,Judas,Herrera,10000.000000,BR345Demorado,FirstClass,Demorado
904,Josiah,Núñez,12000.000000,BR345Demorado,FirstClass,Demorado
905,Freda,Jara,42000.000000,BR345Demorado,FirstClass,Demorado
906,Lynn,Vergara,37000.000000,BR345Demorado,ExecutiveClass,Demorado
907,Tabb,Rivera,50000.000000,BR345Demorado,ExecutiveClass,Demorado
908,Brittany,Figueroa,18000.000000,MM098EnHorario,EconomyClass,EnHorario
909,Leo,Riquelme,42000.000000,MM098EnHorario,EconomyClass,EnHorario
910,Atlante,García,33000.000000,MM098EnHorario,EconomyClass,EnHorario
911,Maurie,Miranda,50000.000000,MM098EnHorario,EconomyClass,EnHorario
912,Oren,Bravo,20000.000000,MM098EnHorario,EconomyClass,EnHorario
913,Anetta,Vera,10000.000000,MM098EnHorario,EconomyClass,EnHorario
914,Curry,Molina,20000.000000,MM098EnHorario,EconomyClass,EnHorario
915,Tyrone,Vega,15000.000000,MM098EnHorario,EconomyClass,EnHorario
916,Saunder,Campos,37000.000000,MM098EnHorario,EconomyClass,EnHorario
917,Luis,Sandoval,12000.000000,MM098EnHorario,EconomyClass,EnHorario
918,Alysia,Orellana,37000.000000,MM098EnHorario,EconomyClass,EnHorario
919,Calypso,Cárdenas,12000.000000,BR345Demorado,ExecutiveClass,Demorado
920,Gretna,Olivares,42000.000000,BR345Demorado,ExecutiveClass,Demorado
921,Odie,Alarcón,20000.000000,BR345Demorado,ExecutiveClass,Demorado
922,Wenda,Gallardo,12000.000000,BR345Demorado,ExecutiveClass,Demorado
923,Ezekiel,Ortiz,20000.000000,BR345Demorado,ExecutiveClass,Demorado
924,Orlan,Garrido,25000.000000,BR345Demorado,ExecutiveClass,Demorado
925,Wittie,Salazar,37000.000000,BR345Demorado,ExecutiveClass,Demorado
926,Abbie,Guzmán,18000.000000,BR345Demorado,EconomyClass,Demorado
927,Robinia,Henríquez,10000.000000,BR345Demorado,EconomyClass,Demorado
928,Hayden,Saavedra,30000.000000,BR345Demorado,EconomyClass,Demorado
929,Melody,Navarro,20000.000000,BR345Demorado,EconomyClass,Demorado
930,Emory,Aguilera,37000.000000,BR345Demorado,EconomyClass,Demorado
931,Callie,Parra,10000.000000,BR345Demorado,EconomyClass,Demorado
932,Debby,Romero,18000.000000,IB080Aterrizado,EconomyClass,Aterrizado
933,Gui,Aravena,20000.000000,IB080Aterrizado,EconomyClass,Aterrizado
934,Dorette,Vargas,37000.000000,IB080Aterrizado,EconomyClass,Aterrizado
935,Jillane,Vázquez,37000.000000,IB080Aterrizado,EconomyClass,Aterrizado
936,Carolina,Cáceres,33000.000000,IB080Aterrizado,EconomyClass,Aterrizado
937,Randy,Yáñez,15000.000000,IB080Aterrizado,EconomyClass,Aterrizado
938,Arabel,Leiva,50000.000000,IB080Aterrizado,EconomyClass,Aterrizado
939,Verina,Escobar,37000.000000,IB080Aterrizado,EconomyClass,Aterrizado
940,Josefina,Ruiz,30000.000000,IB080Aterrizado,EconomyClass,Aterrizado
941,Nina,Valdés,25000.000000,IB080Aterrizado,EconomyClass,Aterrizado
942,Vernen,Vidal,18000.000000,IB080Aterrizado,EconomyClass,Aterrizado
943,Loria,Salinas,25000.000000,IB080Aterrizado,EconomyClass,Aterrizado
944,Isabeau,Zúñiga,37000.000000,BA249Aterrizado,EconomyClass,Aterrizado
945,Cherice,Peña,15000.000000,BR345Demorado,EconomyClass,Demorado
946,Kimberley,Godoy,18000.000000,BR345Demorado,EconomyClass,Demorado
947,Martyn,Lagos,25000.000000,BR345Demorado,EconomyClass,Demorado
948,Agustin,Maldonado,25000.000000,BR345Demorado,EconomyClass,Demorado
949,Clerissa,Bustos,15000.000000,BR345Demorado,EconomyClass,Demorado
950,Lonna,Medina,10000.000000,BR345Demorado,EconomyClass,Demorado
951,Wake,Pino,25000.000000,BR345Demorado,EconomyClass,Demorado
952,Edwina,Palma,42000.000000,MM098EnHorario,EconomyClass,EnHorario
953,Lacey,Moreno,50000.000000,MM098EnHorario,EconomyClass,EnHorario
954,Laetitia,Sanhueza,33000.000000,MM098EnHorario,EconomyClass,EnHorario
955,Delila,Carvajal,20000.000000,MM098EnHorario,EconomyClass,EnHorario
956,Sioux,Navarrete,12000.000000,MM098EnHorario,EconomyClass,EnHorario
957,Floyd,Sáez,15000.000000,MM098EnHorario,EconomyClass,EnHorario
958,Trista,Alvarado,50000.000000,BR345Demorado,EconomyClass,Demorado
959,Shaughn,Donoso,15000.000000,BR345Demorado,EconomyClass,Demorado
960,Zitella,Poblete,42000.000000,BR345Demorado,EconomyClass,Demorado
961,Ginnie,Bustamante,15000.000000,BR345Demorado,EconomyClass,Demorado
962,Burty,Toro,12000.000000,BR345Demorado,EconomyClass,Demorado
963,Arley,Ortega,33000.000000,BR345Demorado,EconomyClass,Demorado
964,Ansley,Venegas,37000.000000,BR345Demorado,EconomyClass,Demorado
965,Kirstin,Guerrero,12000.000000,BR345Demorado,EconomyClass,Demorado
966,Karon,Mendoza,10000.000000,BR345Demorado,EconomyClass,Demorado
967,Esme,Farías,37000.000000,BR345Demorado,EconomyClass,Demorado
968,Berenice,SanMartín,10000.000000,IB080Aterrizado,EconomyClass,Aterrizado
969,Charlie,González,50000.000000,IB080Aterrizado,EconomyClass,Aterrizado
970,Noach,Fernández,12000.000000,IB080Aterrizado,EconomyClass,Aterrizado
971,Mercedes,Rodríguez,12000.000000,IB080Aterrizado,EconomyClass,Aterrizado
972,Sloan,López,42000.000000,IB080Aterrizado,EconomyClass,Aterrizado
973,Guglielma,Martínez,15000.000000,IB080Aterrizado,EconomyClass,Aterrizado
974,Herrick,Sánchez,30000.000000,IB080Aterrizado,EconomyClass,Aterrizado
975,Aleksandr,Pérez,42000.000000,IB080Aterrizado,EconomyClass,Aterrizado
976,Arlina,Gómez,33000.000000,IB080Aterrizado,EconomyClass,Aterrizado
977,Wenonah,Martín,12000.000000,IB080Aterrizado,EconomyClass,Aterrizado
978,Warner,Jiménez,30000.000000,IB080Aterrizado,EconomyClass,Aterrizado
979,Libbey,Ruiz,42000.000000,BA249Aterrizado,EconomyClass,Aterrizado
980,Brana,Hernández,10000.000000,BA249Aterrizado,EconomyClass,Aterrizado
981,Genevieve,Díaz,20000.000000,BA249Aterrizado,EconomyClass,Aterrizado
982,Sharai,Moreno,10000.000000,BA249Aterrizado,EconomyClass,Aterrizado
983,Josi,Álvarez,12000.000000,BA249Aterrizado,EconomyClass,Aterrizado
984,Pebrook,Muñoz,33000.000000,BA249Aterrizado,EconomyClass,Aterrizado
985,Erna,Romero,33000.000000,BA249Aterrizado,EconomyClass,Aterrizado
986,Ferd,Alonso,25000.000000,BA249Aterrizado,EconomyClass,Aterrizado
987,Mohammed,Gutiérrez,42000.000000,BA249Aterrizado,EconomyClass,Aterrizado
988,Dawn,Navarro,37000.000000,BA249Aterrizado,EconomyClass,Aterrizado
989,Wandie,Torres,25000.000000,BA249Aterrizado,EconomyClass,Aterrizado
990,Chiarra,Domínguez,18000.000000,MM098EnHorario,EconomyClass,EnHorario
991,Zaccaria,Vázquez,33000.000000,MM098EnHorario,EconomyClass,EnHorario
992,Trenna,Ramos,10000.000000,MM098EnHorario,EconomyClass,EnHorario
993,Angelia,Moreno,50000.000000,MM098EnHorario,EconomyClass,EnHorario
994,Raquela,Álvarez,12000.000000,MM098EnHorario,EconomyClass,EnHorario
995,Maxi,Muñoz,18000.000000,MM098EnHorario,EconomyClass,EnHorario
996,Atalanta,Romero,37000.000000,MM098EnHorario,EconomyClass,EnHorario
997,Dewitt,Alonso,12000.000000,MM098EnHorario,EconomyClass,EnHorario
998,Jaye,Gutiérrez,25000.000000,MM098EnHorario,EconomyClass,EnHorario
999,Tamarra,Navarro,15000.000000,MM098EnHorario,EconomyClass,EnHorario
1000,Saleem,Torres,20000.000000,MM098EnHorario,EconomyClass,EnHorario
